{"schemaVersion":"1.0","appDefinitionTemplate":{"id":"/providers/Microsoft.PowerApps/apps/","type":"Microsoft.PowerApps/apps","tags":{"minimumRequiredApiVersion":"2.2.0"},"properties":{"appVersion":"2019-04-04T18:51:59Z","lifeCycleId":"Published","createdByClientVersion":{"major":3,"minor":19034,"build":9,"revision":0,"majorRevision":0,"minorRevision":0},"minClientVersion":{"major":3,"minor":19034,"build":9,"revision":0,"majorRevision":0,"minorRevision":0},"backgroundColor":"rgba(129, 42, 141, 1)","backgroundImageUri":"/6670090085320150253/Nff1130b2-2c83-4de3-8936-528dc72200f1-logoSmallFile","displayName":"Customer Ordering with Azure SQL","description":"","appUris":{"documentUri":{"value":"/6670090085320150253/N17fefb47-6a4b-476b-af99-611804c10be1-document.msapp","readonlyValue":"/6670090085320150253/N17fefb47-6a4b-476b-af99-611804c10be1-document.msapp"},"imageUris":[]},"createdTime":"0001-01-01T00:00:00Z","lastModifiedTime":"0001-01-01T00:00:00Z","sharedGroupsCount":0,"sharedUsersCount":0,"icons":{"smallIconUri":"/6670090085320150253/N6aab1eab-0c72-49a5-9320-b5355471c5fe-small.png","mediumIconUri":"/6670090085320150253/Nf263fb5f-d88b-4f34-9390-5b3eaaa112d1-medium.png","largeIconUri":"/6670090085320150253/N9be81b46-f8b3-4ad1-8c0b-0a906cdfa70a-large.png","wideIconUri":"/6670090085320150253/Na101908b-d603-4bdb-8ed1-2b55f00c75fd-wide.png"},"connectionReferences":{"f1c4c590-c106-422c-92e1-704a4b1203a4":{"id":"6b161b3d-1d2e-41e8-a8da-5f5d0d0ac4f6","displayName":"CustomerFactoryAPI","iconUri":"https://prodapiicons.cdn.powerappscdn.net/20190326t000000z9d7cbc80d59647f1a103c6395e3c8971/customconnectoricon.png","dataSources":["NextCustomerAPI"],"dependencies":[],"dependents":[],"parameterHints":{},"isOnPremiseConnection":false,"bypassConsent":false,"dataSets":{},"apiTier":"Standard","isCustomApiConnection":true},"f342219a-07fb-4cfb-b472-37ac558dd745":{"id":"006b354e-bcc6-4de5-a3bd-b897c552051a","displayName":"SQL Server","iconUri":"https://connectoricons-prod.azureedge.net/sql/icon_1.0.1002.1175.png","dataSources":["[dbo].[Customers]","[dbo].[OrderDetails]","[dbo].[Orders]","[dbo].[Products]","[dbo].[CustomerOrders]","[dbo].[OrderDetailsProduct]"],"dependencies":[],"dependents":[],"parameterHints":{},"isOnPremiseConnection":false,"sharedConnectionId":"e662ec6f-129f-4771-ab3f-4a3027521968","bypassConsent":false,"dataSets":{"default":{"dataSources":{"[dbo].[Customers]":{"tableName":"[dbo].[Customers]"},"[dbo].[OrderDetails]":{"tableName":"[dbo].[OrderDetails]"},"[dbo].[Orders]":{"tableName":"[dbo].[Orders]"},"[dbo].[Products]":{"tableName":"[dbo].[Products]"},"[dbo].[CustomerOrders]":{"tableName":"[dbo].[CustomerOrders]"},"[dbo].[OrderDetailsProduct]":{"tableName":"[dbo].[OrderDetailsProduct]"}}}},"apiTier":"Standard","isCustomApiConnection":false}},"almMode":"Environment"}}}